Date,Volume,tweet_vol,count,sent_neg,sent_neu,sent_pos,sent_compound,count_neg,count_neu,count_pos,Close
2018-03-08 00:00:00,8996.521877210005,21746,13317,0.10129087542711994,0.7778678511201382,0.11283807571103074,0.012137091462401184,2562,5546,5209,9949.71
2018-03-08 12:00:00,13525.905592699995,26468,16603,0.08307141768110572,0.8012315307035757,0.11566908304390025,0.08642244975890448,2979,6629,6995,9285.32
2018-03-09 00:00:00,17657.503245810003,22013,13591,0.10512177716277052,0.7893815171817493,0.10549694612137496,0.032523411988866366,2534,5269,5788,8958.56
2018-03-09 12:00:00,11355.32735565001,25591,16426,0.16021274195724447,0.774162838891172,0.06563413113465852,-0.10709531683182773,3328,6443,6655,9230.0
2018-03-10 00:00:00,5629.625302119997,16278,9984,0.11456170897739318,0.7953378596250175,0.09007805984134418,-0.011859280704187718,1955,3870,4159,9361.8
2018-03-10 12:00:00,7254.411497970011,19813,11963,0.08233063643150056,0.8145030462314956,0.103123061884026,0.04318827125652476,2387,4450,5126,8791.47
2018-03-11 00:00:00,6925.792425460001,15881,9131,0.06359509329054035,0.8570429192719565,0.07928644484755126,0.03745950433912097,1644,3640,3847,9051.17
2018-03-11 12:00:00,9481.74995011,20428,12092,0.04678419982046495,0.8304837828051713,0.12274918146421306,0.1282577585377145,1953,5115,5024,9535.04
2018-03-12 00:00:00,6343.857571410006,19227,11504,0.06350387269677546,0.8599227114895319,0.07653764468049823,0.037971222356210116,2021,4878,4605,9828.93
2018-03-12 12:00:00,12407.163008179989,27516,16892,0.09175169493797712,0.8234357317481946,0.08481608846342116,0.02245831549173047,3439,7035,6418,9120.75
2018-03-13 00:00:00,8220.895705880002,20519,12083,0.049347507477967865,0.8500966420355476,0.10057196753335294,0.0891848368911554,2077,5285,4721,9066.26
2018-03-13 12:00:00,7746.2271314499985,24681,15227,0.07299223750754273,0.8412559271539904,0.08574746249755502,0.05750428487246611,2432,6375,6420,9142.32
2018-03-14 00:00:00,7753.889061509997,21427,12657,0.056058861164620236,0.8894138412614669,0.05452860067525149,0.0072060606359550345,2179,5647,4831,8710.57
2018-03-14 12:00:00,13434.025911290008,28372,17624,0.09562376130277456,0.8221968126116801,0.08211331707101198,-0.014296978133091212,3811,6703,7110,8196.69
2018-03-15 00:00:00,10516.557149590017,21976,13402,0.12470601983418135,0.7814084367887021,0.09389341847106553,-0.027484271234637283,2786,5216,5400,8269.8
2018-03-15 12:00:00,7867.98887865,27019,16857,0.06526421884873196,0.8149799097024938,0.1197511710185939,0.09440204374776194,2925,7171,6761,8265.05
2018-03-16 00:00:00,7392.937664269994,20392,12444,0.1163929402211616,0.7565175284883333,0.1270782398252146,0.044559635867888414,2298,4952,5194,8202.58
2018-03-16 12:00:00,9105.68667103999,26453,16476,0.12518127267635068,0.794484594002351,0.0802632345519401,-0.029712566732637263,3500,6588,6388,8258.54
2018-03-17 00:00:00,5290.347458879998,17366,10366,0.14094834167116108,0.7764639061082121,0.08207444399110317,-0.06301791801784065,1695,4498,4173,8211.02
2018-03-17 12:00:00,6758.3214325200015,20470,12521,0.08114770312046697,0.8319040491461597,0.08694773987328352,0.06349982450663601,2152,5421,4948,7860.83
2018-03-18 00:00:00,6168.303248999992,16331,9804,0.07523552377020314,0.8179309051243815,0.10684502416302986,0.07495015237800966,1878,4023,3903,7782.24
2018-03-18 12:00:00,13379.057898110004,21482,13620,0.097699449530883,0.8131058843836043,0.0891904208206084,0.01681850254967723,2611,5608,5401,8188.24
2018-03-19 00:00:00,9141.538180890004,18950,12020,0.10511970832813712,0.8020072726050356,0.09280719781182126,-0.0006033948467425624,2461,5098,4461,8353.0
2018-03-19 12:00:00,10248.055749430014,25134,15768,0.10891048261674448,0.8049487555069506,0.08613683281743706,0.00496970868015407,3190,6218,6360,8596.93
2018-03-20 00:00:00,5544.8594712999975,17778,11128,0.09832895515039118,0.8051654469528505,0.09650381377018047,-0.0009976853912312248,1888,4675,4565,8520.0
2018-03-20 12:00:00,7909.962789099989,24046,15968,0.10613533534766108,0.7967130199311476,0.09711659869133336,0.0021341039087490717,3340,6421,6207,8904.02
2018-03-21 00:00:00,5445.503431370002,19764,11969,0.07413967415141309,0.7835932221500292,0.14226732023808822,0.12234799305639606,2191,5115,4663,9074.52
2018-03-21 12:00:00,6655.4917708399935,25993,16718,0.05682648842182809,0.8626013178888969,0.08056993114312466,0.05006222107832454,3000,7499,6219,8893.79
2018-03-22 00:00:00,5498.114179669995,18512,11379,0.05721609786517148,0.8211486404586997,0.1216685218409748,0.13152934815544542,1688,5060,4631,8667.94
2018-03-22 12:00:00,7089.519742620008,23100,14703,0.0643435680726909,0.8304457695197878,0.10519790139365044,0.07393721672732477,2674,6173,5856,8704.67
2018-03-23 00:00:00,6817.553638230003,17236,10214,0.0733082909504589,0.8068805598737334,0.119813916486594,0.07986023138337962,1838,4379,3997,8516.03
2018-03-23 12:00:00,6932.231222739998,20240,12466,0.08167584912633417,0.8094084277803364,0.10884174291656527,0.06275498479010512,2090,5312,5064,8920.79
2018-03-24 00:00:00,4168.634213140003,14976,8854,0.05994172331621859,0.8057450689302503,0.13383125956068914,0.11555674777959035,1094,3964,3796,8734.13
2018-03-24 12:00:00,5563.348155270005,17643,10671,0.05206142232641391,0.8568806050100751,0.09107348838284007,0.09304591377374707,1377,4869,4425,8547.0
2018-03-25 00:00:00,4252.21781066,13311,7628,0.04528352963269488,0.8500776019992508,0.10463686683029597,0.11491458892445755,1129,3266,3233,8440.0
2018-03-25 12:00:00,4903.694337120005,16098,9621,0.044859141398102716,0.8489037622633228,0.10613019665700177,0.1069800351435444,1284,3992,4345,8453.9
2018-03-26 00:00:00,9526.36712666,15227,9250,0.09462438761428538,0.7937616801807765,0.11158768130843937,0.05983383608197808,1403,3933,3914,8097.25
2018-03-26 12:00:00,8167.048212639997,21818,13857,0.059501648351442324,0.8500119195205119,0.09049818625812428,0.06163413806233201,2272,5740,5845,8149.66
2018-03-27 00:00:00,7243.0192055399975,16989,10058,0.043301422665203,0.8269984251104857,0.12970461852504192,0.12002105069301368,1755,4194,4109,7934.23
2018-03-27 12:00:00,5142.231078680002,20866,13204,0.03394810702527303,0.8396046413017116,0.1263236938325483,0.14849151891967047,2007,5376,5821,7791.7
2018-03-28 00:00:00,4650.285639110001,16752,10175,0.04780240439458471,0.8685314218357074,0.08367864771149726,0.058592732861506014,1648,4343,4184,8042.92
2018-03-28 12:00:00,3773.8421486400025,20667,12829,0.07240885527540725,0.8174529664711752,0.11013557398277517,0.053985471602143474,2319,5204,5306,7932.41
2018-03-29 00:00:00,8355.253987869999,17510,10658,0.08728289246541014,0.7922830929215107,0.12043289819389598,0.0470180357755967,1824,4601,4233,7474.89
2018-03-29 12:00:00,13782.860144409988,22488,14115,0.08822666883486006,0.8324602602027662,0.07912244917350733,0.009291547570713852,3211,5484,5420,7088.38
2018-03-30 00:00:00,18456.20429638002,18241,10960,0.0706964351913468,0.8741891389555129,0.05509878838293074,-0.0005042332198832019,2344,4468,4148,7022.98
2018-03-30 12:00:00,10605.310545419996,20979,13247,0.06452200450673286,0.8145980778997828,0.12089813681780645,0.11334787330409392,2705,5202,5340,6850.0
2018-03-31 00:00:00,6207.895861389997,14245,8542,0.08061332881107452,0.8396217634788049,0.07977030927592756,0.01931266721520973,1508,3686,3348,7087.8
2018-03-31 12:00:00,5371.70119579,16876,10163,0.0731110147373352,0.8224287300360991,0.10446035333443283,0.07372038356605798,1952,4048,4163,6928.62
2018-04-01 00:00:00,5240.499521699999,13540,7704,0.07512138364860305,0.8302331811118083,0.09465051468779333,0.04724190783191539,1369,3104,3231,6692.77
2018-04-01 12:00:00,12805.141335159995,17330,10310,0.06384737718099782,0.7833878221242802,0.15276033541871215,0.15473461845337574,1921,4074,4315,6813.52
2018-04-02 00:00:00,6038.302515200003,15868,9438,0.07782293729133688,0.8056115088019941,0.1165415242379589,0.07531087253115286,1552,4106,3780,7039.72
2018-04-02 12:00:00,7585.857840460013,20633,12675,0.04623525958598269,0.8303603564838092,0.12330485129907652,0.12008254063323212,2128,5320,5227,7052.76
2018-04-03 00:00:00,8374.680872190002,30451,13211,0.08088096040795469,0.7770246563806893,0.13885868415596742,0.10097292940450607,2405,5787,5019,7298.1
2018-04-03 12:00:00,7714.8607568399975,19974,16469,0.093087921625065,0.8159923106197134,0.09071945347293113,-0.00011584357454098809,3281,6730,6458,7416.27
2018-04-04 00:00:00,7142.893211630004,15701,9752,0.06818702422971111,0.8229574233643338,0.10885144054009824,0.05808654714072343,1478,4319,3955,7076.08
2018-04-04 12:00:00,8636.309254980013,20583,13082,0.08737364488711091,0.8314144536413489,0.08102003178811891,0.015430026797268275,2626,5559,4897,6799.95
2018-04-05 00:00:00,5268.576827349992,16686,10234,0.11638429138270097,0.7644726332267197,0.11913977275566524,0.021866181785905728,1825,4672,3737,6798.01
2018-04-05 12:00:00,6625.959150719994,21551,13529,0.07848655485470116,0.8270495506487617,0.09440579889517944,0.0355170922994326,2803,5645,5081,6771.69
2018-04-06 00:00:00,5825.067244380002,18075,10744,0.06574131485314988,0.8492114159859501,0.08458044148270055,0.03686849210629044,2121,4771,3852,6622.34
2018-04-06 12:00:00,2653.3508245899984,19703,12517,0.1111191028670208,0.8039228980348258,0.08495819516144976,-0.026007501738464542,2468,5272,4777,6618.33
2018-04-07 00:00:00,3731.8922460700014,14812,8807,0.10908255311068912,0.7977919192102461,0.09313830524951927,-0.00964945222268382,1540,3772,3495,6866.52
2018-04-07 12:00:00,3951.1494065299935,16712,10044,0.08676342742665676,0.8119762140296433,0.1012739510561203,0.04831568550317558,1754,4002,4288,6904.9
2018-04-08 00:00:00,1946.5384791799993,13453,7883,0.09550550377568533,0.8018909002742253,0.10255138754150576,0.026244633196170188,1266,3442,3175,7088.42
2018-04-08 12:00:00,2406.159462839999,21110,12870,0.07408493909599748,0.8033205160153404,0.12219482641909328,0.0932119248907137,2345,5181,5344,7027.26
2018-04-09 00:00:00,5357.5864342300065,16755,9982,0.07112046892503197,0.8342074095297057,0.09378840141610302,0.047439014912932655,1616,4600,3766,6751.47
2018-04-09 12:00:00,4746.329781919998,22644,14303,0.07649869451115504,0.8035649079891818,0.11984289837621312,0.05315569233668059,2521,6154,5628,6780.1
2018-04-10 00:00:00,2650.2022208899984,18328,11229,0.13843843199498052,0.7458160705765763,0.108832066383789,-0.057228033500265625,2100,4736,4393,6739.21
2018-04-10 12:00:00,3829.9905432899986,20828,12997,0.10907043547049436,0.7925162523002657,0.09620766305885374,0.014560405652214788,2361,5505,5131,6835.67
2018-04-11 00:00:00,2080.4145574800013,17275,10182,0.06296699252328647,0.8591126601840859,0.07754744558120694,0.039531158623040435,1665,4830,3687,6855.31
2018-04-11 12:00:00,3744.996088079998,22001,13565,0.0643587729603087,0.815881459312384,0.11975715086500616,0.059200399545429085,2200,5763,5602,6940.94
2018-04-12 00:00:00,9289.43983943,19314,11239,0.08056085678525522,0.7963744097340655,0.12303038550334458,0.05444491917918372,2041,4974,4224,7725.77
2018-04-12 12:00:00,9743.940494970013,26876,16709,0.05118833318032308,0.8683448749367512,0.08046148708311925,0.05854482955203773,2666,7694,6349,7923.78
2018-04-13 00:00:00,8002.686310589997,19091,11545,0.09982476021982728,0.7957832108732196,0.10438287629845568,0.003725970485787806,1876,5296,4373,8102.11
2018-04-13 12:00:00,11603.256440179995,22964,14333,0.07700718023385816,0.8205400766345589,0.10245190182348007,0.045636410687049135,2614,6290,5429,7896.92
2018-04-14 00:00:00,5292.55127984,15329,8791,0.07865065022077257,0.8540306334947572,0.0673191577473272,-0.004041259761455339,1526,3964,3301,7982.99
2018-04-14 12:00:00,3642.9794349300014,17300,10292,0.0714194031811596,0.8189504509714345,0.1096315028218382,0.07979377753155092,1565,4352,4375,8000.41
2018-04-15 00:00:00,4073.535419520003,14385,8094,0.045251279265336106,0.845753867508003,0.108994774263551,0.1111225035147346,1099,3699,3296,8331.67
2018-04-15 12:00:00,3469.305396120001,18471,11159,0.06438768892372604,0.8400387702462568,0.09558209306266394,0.0727488880134236,1462,4958,4739,8354.22
2018-04-16 00:00:00,7010.902690459992,16690,9963,0.05053236962836486,0.8012057435084922,0.14824217282661828,0.10615530867853364,1440,4666,3857,8097.05
2018-04-16 12:00:00,3855.700267029994,21552,13476,0.0412779438794602,0.8507512736458339,0.10797357280502652,0.13153365227992356,2148,5922,5406,8048.15
2018-04-17 00:00:00,3936.5648533000017,17217,10101,0.05197380075611701,0.8233934959722337,0.12463432829532305,0.1095798353951389,1477,4717,3907,8120.09
2018-04-17 12:00:00,5340.586362080001,20941,13060,0.08684324593851174,0.8276276315741338,0.08552807725962368,0.02017592378623321,2072,5489,5499,7890.87
2018-04-18 00:00:00,4302.19264729,19158,11222,0.10596852801780386,0.7398764117628853,0.15414116267612393,0.09646699098355313,1868,4941,4413,8103.57
2018-04-18 12:00:00,4925.011950790008,23067,14401,0.16829591137302571,0.7463243887707566,0.08538418722739599,-0.13090373640354375,3286,5535,5580,8172.84
2018-04-19 00:00:00,5210.398381129999,17941,10518,0.1623492397453715,0.7598709904758019,0.07777985342085521,-0.15745859144605426,1850,4513,4155,8196.05
2018-04-19 12:00:00,4226.447946500004,22533,13632,0.1196009482406514,0.768528637560977,0.11187629813460197,-0.05697715645012915,2472,5735,5425,8271.31
2018-04-20 00:00:00,8752.89871208,18281,10847,0.06202877996546055,0.8579100791099226,0.08003011109676815,0.03003216016586828,1628,5111,4108,8523.78
2018-04-20 12:00:00,7306.723959259997,20263,12809,0.05519995274209573,0.8264031838606627,0.11830253385432225,0.1151531347047941,2050,5246,5513,8861.0
2018-04-21 00:00:00,11094.220838700005,15346,8949,0.09243086448023972,0.7942380859939243,0.11334405881518388,0.045639323941624864,1295,3990,3664,8716.22
2018-04-21 12:00:00,4242.087088729997,17524,10474,0.058411750135905015,0.8223879090195424,0.11919974738095572,0.09809564792064064,1456,4635,4383,8920.71
2018-04-22 00:00:00,4273.741852429997,15103,8408,0.07916462238322064,0.7566783160020649,0.14893108353489296,0.153815913129073,1154,3741,3513,8928.8
2018-04-22 12:00:00,5072.709906819998,18573,11135,0.04720050083577402,0.8065915556632558,0.140874451547395,0.15958161617957256,1381,4851,4903,8789.96
2018-04-23 00:00:00,4950.531792559998,16971,9917,0.11859067395426436,0.8007200879426096,0.08068273138231025,-0.03739403873246625,1682,4484,3751,8928.96
2018-04-23 12:00:00,5335.585922339998,22862,14097,0.06501820477970087,0.8202084973532775,0.11480852435113005,0.07784396931702554,2285,6456,5356,8946.95
2018-04-24 00:00:00,8570.73816743,20825,12641,0.08673510431591534,0.810097880017692,0.10315718628724434,0.0129425523422424,2469,5576,4596,9295.66
2018-04-24 12:00:00,11889.770815610005,24554,15451,0.07566138609992877,0.7920014261344751,0.13236301889560298,0.08939639467581317,2962,6115,6374,9648.0
2018-04-25 00:00:00,16054.323855959981,17804,10854,0.051224481956381004,0.835565188133014,0.11317462842740254,0.09156090932462012,1921,4682,4251,9149.85
2018-04-25 12:00:00,16958.087888029993,22185,13949,0.06054722899968853,0.8251265173257362,0.1143279525604838,0.11571528223011796,2411,5975,5563,8864.99
2018-04-26 00:00:00,10993.19073003999,16655,10185,0.06274268218007424,0.8350120045107626,0.10223588401598174,0.08022388405417365,1625,4566,3994,8855.63
2018-04-26 12:00:00,9049.778972070006,19022,12117,0.0838954627512664,0.7694071747089254,0.14670011113469547,0.10423578400584124,2189,4988,4940,9274.48
2018-04-27 00:00:00,5477.477642770001,15368,9421,0.12150401916308505,0.79769910635617,0.08078250076660577,-0.04491651695563263,1662,4015,3744,9311.48
2018-04-27 12:00:00,5898.036732700006,17963,11549,0.08053466484395397,0.7490538723237756,0.17039695664147153,0.1824371404458569,2112,4389,5048,8921.43
2018-04-28 00:00:00,8382.922016299992,12252,7035,0.07046734686632675,0.8253033833327889,0.10425663879094492,0.09626649195500862,1115,2951,2969,9174.86
2018-04-28 12:00:00,7175.480285630012,15933,9657,0.04346700911314117,0.8339857695622189,0.1225301967203464,0.13886135953457462,1334,4238,4085,9345.11
2018-04-29 00:00:00,7838.841003190005,12419,6975,0.07654665201809291,0.8061939161622748,0.11683132183938855,0.05496215935810975,1020,3155,2800,9256.06
2018-04-29 12:00:00,3101.877027439998,15255,9076,0.05629655129457289,0.8049539342202569,0.13872083170195962,0.15183474108788386,1436,3833,3807,9393.99
2018-04-30 00:00:00,4202.132544160001,13644,7896,0.07096984541182201,0.7583844998991323,0.15737043822398206,0.1520969717956114,1182,3637,3077,9260.81
2018-04-30 12:00:00,3883.555750400001,17738,11282,0.07613762822551068,0.7974597992683304,0.12619871152738948,0.10849507302808722,1931,4724,4627,9242.17
2018-05-01 00:00:00,7574.819788669997,14533,8437,0.07016159059970753,0.8116756424020121,0.11815255528362208,0.08465570519412152,1497,3478,3462,8973.81
2018-05-01 12:00:00,4563.44417183,17941,11460,0.06591125328903824,0.8213307400563985,0.1127416907952816,0.07635443624580879,1988,4523,4949,9066.9
2018-05-02 00:00:00,5150.5188778699985,15165,9372,0.06307326513119367,0.8518314730547828,0.08512262641098181,0.04742218491367362,1586,4061,3725,9151.79
2018-05-02 12:00:00,5424.656100049998,20462,12826,0.037580740652763116,0.8515474802515067,0.11087100825024096,0.12595913133352113,1939,5732,5155,9222.0
2018-05-03 00:00:00,4182.101619490006,16811,10280,0.1188361739259584,0.7707776225653181,0.11033874410989518,-0.06738697233109048,1587,5046,3647,9213.14
2018-05-03 12:00:00,7488.69795913999,20070,12493,0.0926029680307778,0.8153507026390869,0.09195174134125074,0.021295536915615428,1916,5730,4847,9732.43
2018-05-04 00:00:00,4706.25472417,14749,8828,0.10805425630529993,0.7951043719641533,0.08039296262797148,-0.061439240731296474,1296,4022,3510,9721.72
2018-05-04 12:00:00,2523.2787379299994,20044,12160,0.1000224128407773,0.7747168865514774,0.1251806407891408,0.02604324670111602,1951,5041,5168,9696.57
2018-05-05 00:00:00,3577.457163579998,14630,8502,0.1037968748399522,0.7744247763021068,0.1038345205830172,0.019023454047255483,1544,3564,3394,9863.08
2018-05-05 12:00:00,3825.6478599399957,17751,11024,0.06494311881323729,0.8165733707912264,0.11768884331432355,0.0987651042371706,1983,4591,4450,9823.28
2018-05-06 00:00:00,5202.782793310003,13199,7452,0.1405119363528511,0.7283544840136321,0.13118994188475358,0.0002986354498436304,1429,3103,2920,9454.98
2018-05-06 12:00:00,2952.7940632900045,16330,9724,0.06720782775262105,0.8228373483495555,0.10972746029969824,0.07014645174035318,1789,4042,3893,9623.54
2018-05-07 00:00:00,7853.539402979995,14272,8512,0.09037896085609708,0.8078313252738949,0.1018058431042999,0.048907286146274716,1799,3534,3179,9331.09
2018-05-07 12:00:00,5762.809190320002,23009,14215,0.1487513660204625,0.7718838926561962,0.07934604915658516,-0.13424378051732025,3394,5609,5212,9359.52
2018-05-08 00:00:00,5487.099331600006,18584,11400,0.08616756309230712,0.8264968512627247,0.0873191959389146,0.05589480949428119,1977,4620,4803,9169.9
2018-05-08 12:00:00,5931.211204909999,21495,13136,0.07416298567501736,0.8428921570399069,0.08293732157421804,0.036194112710526194,2036,6094,5006,9167.69
2018-05-09 00:00:00,6380.241481070002,15087,12424,0.061817612209183685,0.8187523995673782,0.1194337825993404,0.08456920683248872,1964,5599,4861,9264.99
2018-05-09 12:00:00,4988.5928443199955,18894,15672,0.030448296633659024,0.8941102091127789,0.07544549943580024,0.08408962115611257,2230,7057,6385,9308.49
2018-05-10 00:00:00,3451.69364644,16210,9223,0.04269050452900097,0.8284958488093,0.12881697006581627,0.17883028182358324,1304,4197,3722,9328.94
2018-05-10 12:00:00,8249.544832140004,19324,11765,0.038663448005094005,0.8377419289860212,0.1235948746660172,0.14375866635590634,1670,5201,4894,9020.99
2018-05-11 00:00:00,11407.638644810006,16347,9827,0.08008108750185823,0.8240630286936443,0.09583939475299856,0.018472378299963496,1694,4420,3713,8606.0
2018-05-11 12:00:00,8976.287965109996,20814,12678,0.06019797854540442,0.8301717950467838,0.10962496295698802,0.08022758314524324,2254,5442,4982,8411.42
2018-05-12 00:00:00,9453.792164349994,15629,8382,0.047207256246144864,0.8564375596533306,0.0959566680206106,0.07015152828963933,1436,3806,3140,8541.3
2018-05-12 12:00:00,6011.137238670006,16264,9308,0.03662829579840557,0.8760281250217404,0.087331373686331,0.08965442618473539,1431,3970,3907,8481.6
2018-05-13 00:00:00,4197.443859269998,13131,7076,0.06197349964198536,0.7902415166513141,0.14779130434665105,0.061020704079224775,1254,2915,2907,8563.15
2018-05-13 12:00:00,5637.780649880003,16907,9948,0.07842326044999967,0.8185151599134897,0.10259411766884324,0.0455398175145882,1383,4148,4417,8696.58
2018-05-14 00:00:00,8370.814723060003,15701,8994,0.045520066020127765,0.8347569043115769,0.11971837646894876,0.10473074709930306,1370,3874,3750,8441.15
2018-05-14 12:00:00,10491.12237321,21221,12811,0.09176493767962966,0.7191302821138631,0.18908067792834965,0.16536970497790396,1972,5421,5418,8674.36
2018-05-15 00:00:00,5572.692189530002,16856,9668,0.048740067796118745,0.8592880201115279,0.0919438107647863,0.07333922436618473,1361,4643,3664,8760.0
2018-05-15 12:00:00,6819.13979737999,20713,12484,0.04854465468016873,0.8486675537163648,0.10278619358041036,0.11231585611432374,1882,5604,4998,8474.99
2018-05-16 00:00:00,7438.657888360006,16937,9618,0.03277951279545755,0.862760929544163,0.10446239908750046,0.12904056979612286,1368,4559,3691,8373.0
2018-05-16 12:00:00,5266.465331480003,19964,12016,0.0892091568036388,0.802747600439444,0.10804202226616468,0.03750885629655582,1936,4858,5222,8346.59
2018-05-17 00:00:00,3684.396105979995,16462,9469,0.04928547968899388,0.8281717430335885,0.12249565789141252,0.1217668482836998,1208,4355,3906,8298.9
2018-05-17 12:00:00,4574.728418440004,21693,13253,0.05297785604294429,0.8178461275254529,0.12916639909034638,0.1085914709827234,1995,5688,5570,8067.03
2018-05-18 00:00:00,4322.2561881400015,16350,9454,0.036858978727166175,0.8543971366482819,0.10874494636073738,0.11434522843268626,1462,3944,4048,8115.0
2018-05-18 12:00:00,2858.9476953400012,20231,11707,0.09339616787145068,0.7901876109862915,0.11641573638820385,0.06528115801806904,2058,4911,4738,8248.87
2018-05-19 00:00:00,2193.59472184,12624,7113,0.035990983417125526,0.8283374932264493,0.13511546913863556,0.14860684434622154,936,3215,2962,8365.0
2018-05-19 12:00:00,1590.4810445299993,15222,8488,0.061001465175497996,0.7990440957499558,0.13993459756427462,0.1470679433060761,1369,3551,3568,8231.2
2018-05-20 00:00:00,1765.0050014600006,12176,6627,0.052950395387927736,0.8312587654805612,0.11579154950776642,0.10326719789505068,1086,2851,2690,8336.91
2018-05-20 12:00:00,3549.9938983300067,15529,8733,0.05635391268107725,0.8153892639438526,0.12824372795036587,0.14036180944515594,1246,3858,3629,8518.48
2018-05-21 00:00:00,2709.7390568499995,13725,7544,0.06167406144194456,0.8502511599599215,0.08807616448472687,0.06363183763059911,1211,3407,2926,8467.13
2018-05-21 12:00:00,3417.2319966299983,18034,10841,0.07945476631986123,0.7921489767061822,0.12834981878388602,0.1073632197181413,1837,4668,4336,8391.76
2018-05-22 00:00:00,3507.1586007399987,15086,9176,0.09031619265189507,0.8427524113909435,0.06692774272053215,0.022899644559317613,1654,4176,3346,8200.0
2018-05-22 12:00:00,5593.902186190001,20028,12267,0.11236970790573952,0.7746865942438858,0.11280518432772607,0.05748222656603344,2115,4804,5348,7984.08
2018-05-23 00:00:00,6437.691702549995,16764,9664,0.0958622131901992,0.7835454540935259,0.12072022693371892,0.0848716428861537,1556,4086,4022,7849.31
2018-05-23 12:00:00,11198.209590820004,20925,12921,0.09122752942695038,0.7720850732759293,0.13690475068429536,0.13493062864275945,2267,5286,5368,7502.89
2018-05-24 00:00:00,6082.501678490003,16788,10069,0.14235683874864402,0.7169253353393678,0.14079835842320426,0.01693649046535057,2164,3881,4024,7375.56
2018-05-24 12:00:00,5565.863565089998,20563,12887,0.2071453675858792,0.7104623465692012,0.08247297620406174,-0.15322536477909476,3184,4825,4878,7586.88
2018-05-25 00:00:00,6271.57612032,14596,8563,0.140403863506759,0.7602068287559476,0.0993955783129568,-0.016573063063995436,1521,3554,3488,7456.83
2018-05-25 12:00:00,3817.267190889997,18232,11114,0.1181651551433906,0.7869819490704701,0.09482219002260504,-0.02178051690071918,2149,4554,4411,7471.18
2018-05-26 00:00:00,2222.189894399999,13152,6912,0.09730368967869173,0.7166265382019373,0.1860858856169252,0.16876214929685354,1289,2817,2806,7533.86
2018-05-26 12:00:00,1821.36775583,14976,8649,0.06948188178200032,0.7673876024064019,0.16270117446101842,0.17039925613107995,1551,3206,3892,7335.99
2018-05-27 00:00:00,2158.53414727,11829,6330,0.12100900859095925,0.7128463595209896,0.16614458719637634,0.10967524445619772,1140,2570,2620,7341.14
2018-05-27 12:00:00,985.9169617899997,16446,9376,0.059550119559521726,0.8061213853625281,0.1343254987671345,0.13905396776422962,1501,4042,3833,7347.39
2018-05-28 00:00:00,3563.361959400001,15443,8061,0.10111080291540532,0.8106338841657702,0.0879988117652479,0.025256526216407515,1660,3486,2915,7227.81
2018-05-28 12:00:00,3020.2705701900013,17845,10099,0.08158306877317797,0.8097936805107784,0.10866930625353953,0.06256541711559872,2179,4061,3859,7112.5
2018-05-29 00:00:00,6054.9210846299975,14670,8368,0.0695512128095377,0.7946219038089577,0.13582618264132792,0.10076833652579001,1499,3619,3250,7406.4
2018-05-29 12:00:00,4994.999908239994,17287,10638,0.06993107755582892,0.8362367012950098,0.09385781099180852,0.06598122921408969,2009,4343,4286,7469.45
2018-05-30 00:00:00,3743.086096590001,13551,7711,0.11156183245794073,0.7919590093263703,0.0964762878342288,0.01745607485474737,1462,3136,3113,7501.71
2018-05-30 12:00:00,5197.367908709994,17337,10241,0.06609471945793483,0.8450598880233569,0.08881783115635095,0.056936356925327065,1672,4268,4301,7375.73
2018-05-31 00:00:00,3334.763411080004,13515,10691,0.06622458025003973,0.8285841786957419,0.10521387382847984,0.050946740730811936,1588,4627,4476,7536.63
2018-05-31 12:00:00,3633.073699479997,17936,14414,0.0626887603391717,0.8133913980548445,0.12368664557672332,0.11754090906618316,2020,5962,6432,7492.28
2018-06-01 00:00:00,4013.162542390004,14363,8224,0.06191947134641933,0.8335911734992193,0.10449271704114853,0.08197378701682864,1228,3625,3371,7359.99
2018-06-01 12:00:00,2749.465030310001,18282,10961,0.06252666212456191,0.794784063614011,0.14252534190714908,0.13714790718061035,1578,4690,4693,7511.6
2018-06-02 00:00:00,2540.844567739999,12213,6890,0.08069364837004568,0.833194612471012,0.0861112907452258,0.0445418184465361,999,2992,2899,7639.97
2018-06-02 12:00:00,1471.3241874699993,14570,8235,0.06277099399354713,0.7873255269423554,0.14971386964848968,0.14665867620855594,1029,3452,3754,7642.0
2018-06-03 00:00:00,2569.216279189995,11943,6501,0.049368012692585325,0.7797704512506507,0.17085791583988552,0.20819805737018,880,2566,3055,7706.61
2018-06-03 12:00:00,2159.9938044600026,15195,8441,0.0502687632019273,0.8390014829431547,0.11074022326659304,0.11825546377478052,1195,3527,3719,7703.67
2018-06-04 00:00:00,3821.7149032199945,13458,7703,0.09692884725859592,0.7909170559159587,0.11214779964420174,0.0013813688972929678,1261,3078,3364,7509.03
2018-06-04 12:00:00,3168.83644948,17455,10358,0.0526933802008638,0.8284001407842827,0.11887918820136495,0.1235767174437417,1622,4310,4426,7488.26
2018-06-05 00:00:00,4393.752278529998,15249,8488,0.14598803533446378,0.8063760708280588,0.04763255787792752,-0.21666294458933305,1562,3674,3252,7418.67
2018-06-05 12:00:00,5574.702811079997,18726,11262,0.0892077000995804,0.8181935629473451,0.09260508185159114,0.0014257208462564144,1874,4832,4556,7617.98
2018-06-06 00:00:00,2673.523933699999,14402,8206,0.11141975764320464,0.8017151775873484,0.08686708842562797,-0.07164402162095483,1341,3491,3374,7616.98
2018-06-06 12:00:00,4384.531838619992,19001,11790,0.07030870901926414,0.8281405072426339,0.10154952636915693,0.0655428969123574,1624,5127,5039,7658.57
2018-06-07 00:00:00,4042.98104165,13727,8238,0.0456013218610174,0.8451538443030959,0.10921133818498874,0.1207842581669681,1019,3504,3715,7691.98
2018-06-07 12:00:00,3502.028209010005,17250,10209,0.03851152679787697,0.863213137928086,0.09824972894446804,0.11244064109999577,1330,4497,4382,7689.28
2018-06-08 00:00:00,2652.151773330003,13828,7886,0.05021599221897586,0.8461552835978667,0.1036230208517805,0.0948825456381398,1152,3406,3328,7565.64
2018-06-08 12:00:00,2024.4065544400007,16259,9803,0.08026593104375,0.8427393376370591,0.07621217715424332,0.019534436171412026,1496,4150,4157,7618.11
2018-06-09 00:00:00,953.6361683900008,12372,6529,0.050251847651322436,0.865151024237792,0.08459497490743566,0.07628160986377755,903,2997,2629,7643.95
2018-06-09 12:00:00,1760.1448767199995,13788,7989,0.0720855399706882,0.824116450175552,0.10379675846222028,0.07872584635226892,1089,3332,3568,7492.7
2018-06-10 00:00:00,4075.16497485,12373,6659,0.06698224690159588,0.826009097534397,0.1068173389301141,0.07126142590482308,1055,2918,2686,7233.9
2018-06-10 12:00:00,10317.530431299994,16036,9830,0.07825869020282987,0.8296304002613247,0.09209224857816813,0.056737572165061326,1835,3896,4099,6781.17
2018-06-11 00:00:00,6128.639481189997,16208,9544,0.07773272320289151,0.8437051771736702,0.07860226893060614,0.051157700786482914,2256,3961,3327,6796.07
2018-06-11 12:00:00,5280.8847509900015,19792,12154,0.07884007910917681,0.8079302278204471,0.1132042750827811,0.08083053618821473,2582,4787,4785,6880.61
2018-06-12 00:00:00,3073.66194645,14489,8362,0.10943083100482068,0.7995239046581257,0.09102873158760476,-0.030507578012935525,1771,3438,3153,6840.58
2018-06-12 12:00:00,5753.937553249995,16994,10391,0.10956016432228148,0.8000259336458928,0.09033719592596036,0.0030485307559830204,2074,4063,4254,6557.67
2018-06-13 00:00:00,6952.162458169992,15171,8956,0.0906356086801868,0.8281169557558761,0.08129706967772475,-0.006861212029967668,1753,3743,3460,6463.72
2018-06-13 12:00:00,12238.342120410005,21779,13712,0.11387066992483387,0.7842300419140029,0.10189949907944518,-0.006306682395835671,3518,5043,5151,6307.4
2018-06-14 00:00:00,6581.972741369987,15485,9052,0.08741529878404719,0.8009947528137334,0.11112594135479133,0.08477529640124493,1714,4222,3116,6533.84
2018-06-14 12:00:00,7603.865470190004,20175,12116,0.06829866920809864,0.8066234771400446,0.12498679076706222,0.10703500320132736,2038,4592,5486,6646.1
2018-06-15 00:00:00,4176.388690020003,14092,7987,0.06516467954528612,0.7852763152856717,0.14947476701819448,0.1330033380941306,1403,3131,3453,6530.0
2018-06-15 12:00:00,2955.8180986900043,17228,10359,0.07160050202668736,0.8497119064304918,0.07850015889056211,0.030443108645709118,2145,3958,4256,6390.6
2018-06-16 00:00:00,1380.9468102800006,21108,9029,0.08760351026704101,0.8096702783475335,0.10262657956138753,0.02488903855610845,1409,3960,3660,6454.99
2018-06-16 12:00:00,2172.7529157500026,12692,10813,0.05788533210713617,0.8602387167668168,0.08182906602850157,0.05063311821064175,1972,4237,4604,6487.92
2018-06-17 00:00:00,1271.1352644799993,10463,5544,0.07045806797107143,0.8284891876427823,0.10098218676814168,0.07183769731805037,781,2228,2535,6509.6
2018-06-17 12:00:00,1557.6215439999987,14023,7781,0.1152204491144603,0.7689055015426637,0.11587898943498535,0.031625178174630286,1232,3058,3491,6453.41
2018-06-18 00:00:00,2544.090004629998,13606,7559,0.10801561861774908,0.8084767657208223,0.08347551927079723,-0.008597894513602447,1336,3358,2865,6427.0
2018-06-18 12:00:00,3396.0843928700024,18069,10463,0.07348806933603103,0.8414967755426449,0.08501687977698381,0.034275530245291216,1707,4381,4375,6707.5
2018-06-19 00:00:00,2331.3641039500008,14073,8134,0.07570080582254937,0.8331017220675209,0.0912007043436522,0.030022413909674063,1342,3284,3508,6725.23
2018-06-19 12:00:00,3112.315692329999,17426,10301,0.08278568408401056,0.8203806697821672,0.09685549847425236,0.04219423672459209,1785,4385,4131,6736.52
2018-06-20 00:00:00,2562.0388490899995,14206,7838,0.15602585243114125,0.7447584687171253,0.09920980355438837,-0.16892929115801114,1580,3134,3124,6630.03
2018-06-20 12:00:00,2631.7299968299976,17260,10400,0.11063429568001984,0.7892924412428128,0.10000274355951937,-0.010956797065088652,1797,4308,4295,6756.58
2018-06-21 00:00:00,2344.090478620004,13923,7814,0.05373025550809191,0.8505124398154132,0.09577032118000653,0.04904854605282272,1111,3487,3216,6738.78
2018-06-21 12:00:00,2493.2339497000016,16587,10082,0.11906614592592744,0.7981704433894448,0.08276250354524588,-0.030195283844893363,1638,3676,4768,6718.33
2018-06-22 00:00:00,7633.883906899999,13920,8018,0.05823122262671264,0.8211243114205561,0.12065763266972193,0.09923523619879497,1307,3483,3228,6366.06
2018-06-22 12:00:00,10910.260147750003,19376,11285,0.12823617152584552,0.7957230677223204,0.07565907161186927,-0.052251867000412816,2893,4144,4248,6050.45
2018-06-23 00:00:00,2489.090579170001,12677,6627,0.143367579070486,0.7969678535251624,0.05902628590346627,-0.0742691971663676,1381,2686,2560,6150.0
2018-06-23 12:00:00,2096.78089288,13146,7501,0.09063555719636393,0.7998126184469498,0.10953742676407877,0.045119332478546915,1520,2897,3084,6177.38
2018-06-24 00:00:00,6032.142734909995,12199,6316,0.06110784175426821,0.8318379227136421,0.10707792362044123,0.08663721566076267,1359,2521,2436,5925.0
2018-06-24 12:00:00,5391.45119404999,15137,8377,0.12889534532061692,0.7728971943576548,0.09798909773257873,-0.014033274840218121,1910,3138,3329,6153.4
2018-06-25 00:00:00,3945.780895780001,13510,7464,0.13230084035258255,0.7936710297245116,0.07402449499155718,-0.0440285895214647,1420,3341,2703,6230.63
2018-06-25 12:00:00,5743.908411230007,18024,10196,0.1021286241029966,0.7815360558750941,0.1164763450144575,0.063611399276073,2106,4091,3999,6253.61
2018-06-26 00:00:00,2905.385249649998,13108,7485,0.09676789582109058,0.7264054847668132,0.17692523333326796,0.2132535348778568,1267,3326,2892,6204.9
2018-06-26 12:00:00,4846.23683827,15956,9683,0.058442175267795965,0.8389806686942707,0.10257708953319264,0.0715779104696496,1696,3978,4009,6068.0
2018-06-27 00:00:00,3446.2204797200025,12722,7471,0.06103995560852288,0.7682046996844749,0.1707412514624648,0.19559827398887364,1198,3198,3075,6094.0
2018-06-27 12:00:00,4000.641071019997,16161,10012,0.06963121603457079,0.8276545042792214,0.10269116261040932,0.06436061174762045,1833,3963,4216,6135.64
2018-06-28 00:00:00,2515.2458633699985,12696,7682,0.04654696562715671,0.9005799335013288,0.05287379581592272,0.02118817451541189,1245,3387,3050,6109.99
2018-06-28 12:00:00,6363.1527095400015,15787,9820,0.06028837903995296,0.8422676869297174,0.09744359438089084,0.08619040007884064,1561,4255,4004,5848.33
2018-06-29 00:00:00,5798.216397069997,13113,7770,0.09498599603503954,0.8121062011087973,0.09291209019298713,0.047292384279219335,1805,3213,2752,5873.57
2018-06-29 12:00:00,6269.156770599995,17363,10807,0.1478945099968648,0.7601725574456152,0.09188099847416932,-0.04595849519298691,2131,4341,4335,6204.24
2018-06-30 00:00:00,4536.539183719996,11323,7064,0.06565217236853467,0.7966991675698425,0.13764274732777818,0.13859186712729338,1020,3279,2765,6396.22
2018-06-30 12:00:00,2378.549693300001,9952,6299,0.11272172017668185,0.7933850888136956,0.09405513558545064,0.04188998890691213,918,2745,2636,6385.71
2018-07-01 00:00:00,1934.5184320800015,9259,5506,0.08599519985575821,0.7688028525164563,0.1450552894192066,0.1310410576341779,888,2506,2112,6378.96
2018-07-01 12:00:00,2226.18713513,12329,7780,0.08880847307770008,0.8262262036428853,0.08507723012628875,0.040005965915457686,1117,3533,3130,6349.99
2018-07-02 00:00:00,2736.22771145,12111,7510,0.10011027242441936,0.7563718749005361,0.14303094922491547,0.10383646164559243,1124,3222,3164,6335.0
2018-07-02 12:00:00,6063.574762630004,16714,10968,0.07093478106323926,0.8396271770683379,0.08928502180397875,0.03611576953434545,2090,4806,4072,6612.98
2018-07-03 00:00:00,2629.252831410001,12564,7973,0.10152657632778124,0.7993639045625607,0.09905037684778112,0.030599046407001743,1183,3693,3097,6584.79
2018-07-03 12:00:00,3295.6125856500025,13723,8826,0.05469171428142673,0.8358035842841701,0.10934816770024697,0.11063862978195793,1334,3779,3713,6507.99
2018-07-04 00:00:00,3125.15551433,11399,7082,0.07180995583210538,0.8263056365225768,0.10189593258881464,0.06602618447617871,1210,3136,2736,6515.08
2018-07-04 12:00:00,3581.5784918699987,13470,8501,0.047170184471707406,0.8456094806383494,0.10687914430176627,0.10474204053727844,1159,3612,3730,6584.25
2018-07-05 00:00:00,3907.8173740199986,10347,6204,0.04729601489392962,0.8474838586476703,0.10512954690862407,0.05751572266433854,868,2937,2399,6618.0
2018-07-05 12:00:00,3784.398402920008,14823,9656,0.10096357656365168,0.8058014659064241,0.09326186251912576,-0.025181743265965142,1821,3971,3864,6533.69
2018-07-06 00:00:00,2177.5254331000006,12261,7265,0.10008949397920074,0.7961030908732365,0.10377723622085737,-0.0275913115307504,1464,3044,2757,6524.24
2018-07-06 12:00:00,3280.146754390001,14226,9245,0.03917984203801226,0.8544608632926933,0.1063703415671514,0.10444222860491853,1277,4070,3898,6596.53
2018-07-07 00:00:00,1863.5323220600021,9032,5756,0.042992012297848825,0.8549788112800092,0.10202445215339828,0.12382180636723833,727,2676,2353,6585.0
2018-07-07 12:00:00,2979.26354906,11159,6685,0.0615942531362924,0.8243878246144464,0.11393270316666805,0.10882029925353418,1069,2789,2827,6759.99
2018-07-08 00:00:00,2105.9375582000002,8759,5130,0.05392574732553867,0.8690897841091118,0.07693154988265999,0.05164149197562823,676,2293,2161,6738.99
2018-07-08 12:00:00,3039.9081986399983,12186,7643,0.06637975399508847,0.8191125080678491,0.1145391304295342,0.11365534151726955,946,3474,3223,6706.6
2018-07-09 00:00:00,4034.666366360001,11060,6749,0.03645141024063412,0.7708989496511682,0.1926603415927836,0.15942719813657075,950,3040,2759,6725.15
2018-07-09 12:00:00,3130.550866969999,16328,10708,0.06269600488827858,0.8116405025353999,0.12561956884137426,0.11485387265664995,1421,4805,4482,6666.75
2018-07-10 00:00:00,5365.431981059997,12400,7445,0.12343870609389955,0.8042179571177769,0.07217004019028568,-0.04288853297818503,1313,3150,2982,6365.03
2018-07-10 12:00:00,3797.587793859997,14027,9141,0.09938886504237507,0.8086498794846659,0.09196825928846576,0.026688970333200304,1712,3652,3777,6299.46
2018-07-11 00:00:00,3325.960810669997,11819,7206,0.04036040630037112,0.8316389630089072,0.1266821705429374,0.2064815283628194,992,3212,3002,6374.5
2018-07-11 12:00:00,3044.1759906900043,14375,9365,0.08490194064581953,0.7873929427664295,0.12754987744900206,0.06654351501732304,1425,3973,3967,6380.0
2018-07-12 00:00:00,4532.608104439999,11683,7119,0.11049170272331447,0.7136239515970133,0.1758720905301764,0.011027589660750074,1153,3299,2667,6162.41
2018-07-12 12:00:00,3259.7696298499986,15967,9908,0.0603997687501497,0.8569696229563287,0.0826102054669478,0.06086911132105952,1465,4396,4047,6243.88
2018-07-13 00:00:00,2225.34553989,12011,7100,0.05401001221840557,0.8465865086821059,0.09936730547931616,0.08346333254892555,989,3158,2953,6241.75
2018-07-13 12:00:00,3670.311350199997,16533,10798,0.06739180877587847,0.8476735953230151,0.08470619023835363,0.051640852518768335,2047,4383,4368,6215.59
2018-07-14 00:00:00,1166.5153277100005,10724,6502,0.07028787108556264,0.7969994912324431,0.13270021381638333,0.12151097039415015,1177,2674,2651,6233.0
2018-07-14 12:00:00,1418.2186345899984,12613,7648,0.05542627841968065,0.8062156407279195,0.13544843859303507,0.14948133825448934,1249,3184,3215,6243.98
2018-07-15 00:00:00,1911.3901433900014,10026,5544,0.07891025115035398,0.8263453801752315,0.0934121128462907,0.057734629976597014,828,2427,2289,6353.01
2018-07-15 12:00:00,1644.902963799998,11585,7295,0.059861084337050376,0.8062067178195019,0.133918796405588,0.14435229354985482,960,3318,3017,6349.3
2018-07-16 00:00:00,4228.328416250003,12195,7342,0.06427143796295716,0.7446767926968897,0.19098292596895464,0.2153635336829556,1092,2959,3291,6625.99
2018-07-16 12:00:00,5174.762205300008,18242,11276,0.05940608247463506,0.8170802366147325,0.12352594348043028,0.1428758820790795,1898,4544,4834,6721.04
2018-07-17 00:00:00,3153.038390439997,12934,7434,0.06241092134561785,0.8119854201140091,0.12564999077412814,0.13659576699039574,1139,3163,3132,6683.14
2018-07-17 12:00:00,9550.258122489988,20816,12704,0.04008448867864252,0.8416607081185725,0.11824010665731055,0.1374138880464968,1518,5576,5610,7310.71
2018-07-18 00:00:00,5830.444782500005,16038,8967,0.10444502860788556,0.8109790068434849,0.08460827957895589,0.0155990644674975,1118,4072,3777,7410.65
2018-07-18 12:00:00,7478.90559257,18638,11657,0.05571341027614537,0.8211454717094071,0.12314715398165045,0.13685499370449775,1751,4819,5087,7378.1
2018-07-19 00:00:00,3003.5968001500005,14643,8080,0.08031208843678576,0.7917576732338132,0.12796497990672265,0.09683180714289884,1208,3438,3434,7416.99
2018-07-19 12:00:00,4589.364595800002,16663,10375,0.0385380115109526,0.8389993141037799,0.12247533948538505,0.16395680516979175,1368,4491,4516,7471.42
2018-07-20 00:00:00,3859.8230204199986,13172,7560,0.0744089603547485,0.8009330310123279,0.12461533220231685,0.0895651527077854,998,3119,3443,7494.0
2018-07-20 12:00:00,5220.074556919997,15855,9749,0.06221006354825715,0.7991588265473731,0.1382957520137701,0.13490634270931526,1388,3806,4555,7330.84
2018-07-21 00:00:00,2616.909482500001,11848,6458,0.03857932310237494,0.817136129267675,0.1441263482899665,0.17882132196379255,679,2987,2792,7313.47
2018-07-21 12:00:00,1432.9007400299975,12855,7333,0.05197981115229544,0.8427103068721229,0.10530720539778897,0.11187605328912416,891,3086,3356,7409.92
2018-07-22 00:00:00,1611.6759321900006,10918,6023,0.04807850092794637,0.8147879688866881,0.13714168862853862,0.15483917224938332,651,2610,2762,7450.98
2018-07-22 12:00:00,3496.302880610001,13285,7745,0.04343886813219422,0.8344688767336156,0.11926172469644955,0.16689559872348894,1084,3235,3426,7396.6
2018-07-23 00:00:00,6734.446383040006,14063,7984,0.052593818605225474,0.8338790256804303,0.11352833221753893,0.12344470932911812,1052,3370,3562,7683.28
2018-07-23 12:00:00,4730.4182075699955,17242,10853,0.07275951564545664,0.808999921605557,0.11824873728205575,0.0872382422287416,1822,4451,4580,7719.62
2018-07-24 00:00:00,10109.72152244,17196,9931,0.1003614033062926,0.8196663756610421,0.07996424577059574,0.003806399085730353,1400,4301,4230,8244.36
2018-07-24 12:00:00,8597.690042400003,21085,13246,0.04915028705670773,0.8470336241696375,0.10378983315994024,0.09493365701494176,1953,5778,5515,8403.83
2018-07-25 00:00:00,5026.603616559997,14813,8844,0.06115611107286693,0.8142334688112488,0.12459632964642435,0.10731334164844614,988,3793,4063,8179.42
2018-07-25 12:00:00,5303.7332565699935,17865,10338,0.05322391505817372,0.834140587288341,0.11262776234463973,0.12548055330704352,1367,4332,4639,8174.06
2018-07-26 00:00:00,2865.6520601999955,14451,7908,0.05774061021988632,0.8009112003516458,0.11650201664434352,0.10508289343334616,982,3391,3535,8262.89
2018-07-26 12:00:00,5226.219600289997,18799,11260,0.0953674205054663,0.8030861922080896,0.10144716070687866,-0.002148304113621421,2394,4347,4519,7926.0
2018-07-27 00:00:00,2901.6187393500004,16285,8939,0.16559106075911748,0.7598748755614189,0.07451421277628965,-0.12794593500024376,1979,3280,3680,7929.16
2018-07-27 12:00:00,5800.147138710004,16413,10086,0.0995720037649999,0.7863386830350414,0.11408412099191208,0.05196202837355832,1967,3931,4188,8183.05
2018-07-28 00:00:00,1452.9398253999989,13228,7334,0.05305647696445093,0.8169849686832404,0.1299289514320767,0.1385316740229358,1110,2693,3531,8182.81
2018-07-28 12:00:00,1312.7406652000004,13029,7071,0.05648055061726995,0.8354888781240252,0.10801276201272808,0.08588877401200651,1137,2979,2955,8237.74
2018-07-29 00:00:00,2578.608091269999,11648,5806,0.0568700477692075,0.8040897059971653,0.1390069405823878,0.16061215589206052,715,2465,2626,8169.1
2018-07-29 12:00:00,1401.6713163299987,12702,7368,0.0446894956787115,0.8149051716306337,0.1403715987542198,0.17348586045791764,866,3244,3258,8216.74
2018-07-30 00:00:00,5430.818656349985,13437,7229,0.06786082810664643,0.8177945808710251,0.1139680309585024,0.12694062692632566,971,2972,3286,8161.81
2018-07-30 12:00:00,6355.073421880003,17367,10520,0.13111662211191386,0.7594611413415153,0.10939702150775947,-0.0034210177077539125,1923,4010,4587,8160.21
2018-07-31 00:00:00,3497.421766800001,13043,7773,0.12351970550580656,0.7857427572020073,0.09072923200394213,0.011562482205302512,1394,3079,3300,7974.72
2018-07-31 12:00:00,8496.664374759986,15831,10111,0.0842024491678485,0.7964311706811918,0.1193522875700581,0.06920349712570947,2020,4020,4071,7725.43
2018-08-01 00:00:00,6952.000614380008,13393,7730,0.032607177295710395,0.8433177693426024,0.12405337685189324,0.1683372847414156,1048,3218,3464,7561.74
2018-08-01 12:00:00,4447.344136420002,16087,9957,0.10310777010984552,0.7883520391386531,0.10830547920254846,0.035294836462093616,1711,3922,4324,7602.01
2018-08-02 00:00:00,2730.843493049998,12389,7350,0.0435380975219804,0.8178065012627361,0.1386608657475326,0.14825861841882246,1074,2937,3339,7562.95
2018-08-02 12:00:00,2531.3926389399994,15091,9851,0.05112765265350035,0.8256483073337422,0.12321647024443885,0.1196245607564332,1540,3844,4467,7536.37
2018-08-03 00:00:00,5048.0342709000015,12326,7582,0.0914110472584582,0.8148716093514775,0.09375249247785936,0.03241287428109277,1386,2982,3214,7362.35
2018-08-03 12:00:00,4537.7450382699935,18565,11853,0.07017025817177637,0.8301217133439965,0.09969211175117366,0.07949839708160142,1906,4740,5207,7416.98
2018-08-04 00:00:00,1188.11514692,11062,6697,0.12004139371724075,0.8019014697447813,0.07804884403674442,0.04474965657289176,781,2888,3028,7405.13
2018-08-04 12:00:00,5643.636243359998,13243,7795,0.0393133876370944,0.8189402600215124,0.1417445024419729,0.19709833050291345,1232,3162,3401,7009.99
2018-08-05 00:00:00,2936.359397939998,9227,5244,0.04019692735566819,0.7762468308338912,0.18355266599714445,0.20717504938362574,770,2162,2312,7031.96
2018-08-05 12:00:00,3102.7757466599965,12121,7227,0.04767505511534007,0.8171653588703071,0.13518093558936334,0.17130078939796,1017,2829,3381,7032.61
2018-08-06 00:00:00,2661.8911684799978,11693,6919,0.10662496359897276,0.8229674383476049,0.07039841721269566,-0.03361911030351827,901,2865,3153,6979.3
2018-08-06 12:00:00,4655.751796069999,15635,10069,0.09000703121380348,0.7928055600514792,0.11714972506834408,0.07288332260489454,1857,4028,4184,6936.11
2018-08-07 00:00:00,3217.381887370004,11680,7568,0.0590846143406914,0.7914444392524351,0.14947152120074506,0.17056012811592794,1060,3318,3190,7082.3
2018-08-07 12:00:00,6822.0110763800085,16110,10025,0.0739639252127462,0.8192732111259827,0.1067764437991792,0.08655904922283437,1758,3823,4444,6717.68
2018-08-08 00:00:00,6853.768607840002,13987,8208,0.1143398907621226,0.7954379923030304,0.09024997678329848,-0.002976812592488306,2030,2997,3181,6506.91
2018-08-08 12:00:00,7814.799414370002,16826,10779,0.08715858429343193,0.8329001956860831,0.07995727823902035,0.015712512255091272,2140,4519,4120,6283.59
2018-08-09 00:00:00,3531.216896709997,12997,7502,0.055454376281728585,0.8127396276496741,0.1318094895647554,0.1411819145498391,1139,3264,3099,6321.9
2018-08-09 12:00:00,5953.6698082500025,16024,9950,0.07341263149665372,0.7781554925668436,0.14842490360803368,0.12679684923421392,1734,4092,4124,6543.76
2018-08-10 00:00:00,5454.499308369997,12526,7714,0.1896849281245334,0.7275407566312868,0.08278999053329468,-0.07490336889313834,1556,2895,3263,6328.93
2018-08-10 12:00:00,8641.510580569999,16670,10067,0.16211981113864826,0.7518692069682109,0.08600547954272328,-0.09941972212114328,1948,3774,4345,6139.99
2018-08-11 00:00:00,2931.6404307100024,11869,6834,0.16545082166162606,0.7293496319561771,0.10519677356498278,-0.035130559745280024,1126,2592,3116,6117.27
2018-08-11 12:00:00,3884.733185030001,13255,7696,0.10198281257337542,0.8038273411149971,0.0942109888659688,-0.01876681107741817,1543,2746,3407,6239.98
2018-08-12 00:00:00,2655.883009020001,9207,5180,0.2318209986441411,0.6879211902889956,0.08028780140785066,-0.1462331356067812,758,2074,2348,6342.78
2018-08-12 12:00:00,4514.010221540001,12929,7290,0.08078090289096602,0.7978944559184881,0.12129328786017834,0.11530995913225492,1268,2790,3232,6310.82
2018-08-13 00:00:00,3620.8460521700013,12289,7056,0.09359126581522224,0.7893118670087347,0.1170921276795433,0.053533691349111456,1298,2758,3000,6447.24
2018-08-13 12:00:00,5275.834785289998,15011,9406,0.11588100451804745,0.7860831528030361,0.09801619806099804,-0.00018745654761702151,1953,3666,3787,6252.63
2018-08-14 00:00:00,7782.938129330008,14179,9077,0.1388386232861869,0.8037282361149501,0.05735262900293212,-0.08716881842625518,1963,3622,3492,6010.79
2018-08-14 12:00:00,6452.33205285,16813,10842,0.11487973909520098,0.7782827814263776,0.10684569352545474,0.010433488683617148,2223,4006,4613,6193.62
2018-08-15 00:00:00,5155.8583605799895,12456,7894,0.11196533321045772,0.7884295926749469,0.09961633190233962,-0.018078304182335414,1322,3073,3499,6357.26
2018-08-15 12:00:00,7345.254987229998,14853,9349,0.08616917452505639,0.8043422164058449,0.1094911710497504,0.05718162661509917,1771,3490,4088,6272.3
2018-08-16 00:00:00,2121.5463183500024,10978,6601,0.0626488585735391,0.810244422854479,0.12710158944108396,0.13071655073835434,1120,2447,3034,6444.68
2018-08-16 12:00:00,4977.714845250001,13892,8575,0.0548721036028619,0.7798938035472426,0.1652178468740313,0.19149122501172994,1483,3339,3753,6313.51
2018-08-17 00:00:00,3645.7665162400012,11575,7033,0.050715801177566834,0.8284459042182621,0.12083310839912326,0.13733757866002327,928,2731,3374,6467.53
2018-08-17 12:00:00,2988.7682144299993,14734,9038,0.08020319985613264,0.7798443168866384,0.13996028886927805,0.09950583716456206,1410,3701,3927,6580.15
2018-08-18 00:00:00,1436.7151737799993,9939,5607,0.10386254267517686,0.7652972181591562,0.13079598937160292,0.0712100262013339,848,2129,2630,6507.85
2018-08-18 12:00:00,2060.087147490001,10710,6446,0.07760706879242482,0.8036718059543967,0.11872752334790518,0.10896880117154684,1191,2321,2934,6399.28
2018-08-19 00:00:00,1105.0214272600003,8267,4753,0.1826095003457429,0.7175114097458828,0.09992627180606796,-0.14930354398158113,869,1714,2170,6423.34
2018-08-19 12:00:00,2033.6898910300006,11363,6894,0.08555949540467356,0.8123666971469722,0.10160986865649804,0.061344666905611536,1256,2443,3195,6481.99
2018-08-20 00:00:00,1532.82625615,10144,8640,0.06354941031576654,0.7811309557899642,0.1549244552698849,0.14422954702736746,1779,3197,3664,6450.98
2018-08-20 12:00:00,4721.994551689997,14434,12444,0.07296609308051791,0.793083866475136,0.13384991963277004,0.09391476092174307,2668,4471,5305,6260.82
2018-08-21 00:00:00,2674.0742131999978,12069,7722,0.07142167591909401,0.7543847032135302,0.17419462771211153,0.14897175725913214,1593,2742,3387,6438.08
2018-08-21 12:00:00,2980.967511839998,15630,10130,0.08700442316738922,0.8068260738731636,0.10587470783029666,0.06958589986885605,1897,4235,3998,6479.27
2018-08-22 00:00:00,5111.888182789997,12567,8074,0.09413610268527024,0.8092025698662929,0.09666498945712304,0.04073919312020311,1479,3397,3198,6667.99
2018-08-22 12:00:00,6843.762512980001,15434,9915,0.09301841322423526,0.7770281340909745,0.12993770092175622,0.06538622872714148,2051,3816,4048,6355.76
2018-08-23 00:00:00,1761.28295691,12987,8309,0.1609284030161797,0.7561126165798521,0.08292932639736933,-0.11223900943001633,2737,2468,3104,6406.62
2018-08-23 12:00:00,2267.1509155599992,15257,9787,0.1441329921897848,0.746845622801077,0.10900029696502002,-0.03886914732350479,2443,3394,3950,6525.01
2018-08-24 00:00:00,2593.304008190001,11642,7171,0.19079258955159675,0.7159925737681174,0.09319624506133004,-0.1367068948434355,1725,2576,2870,6537.99
2018-08-24 12:00:00,3781.238570350003,14433,9247,0.06542734078194913,0.815662967567568,0.1188779532267966,0.09521355244007093,1821,3521,3905,6692.94
2018-08-25 00:00:00,2256.4273898199976,9958,5677,0.04477390432829257,0.764458812001676,0.19066979978933554,0.21645254253251328,921,2287,2469,6695.66
2018-08-25 12:00:00,2724.2218934899965,11670,7110,0.08213307026171686,0.7975017004947891,0.12043952751022755,0.06512288189803134,1411,2740,2959,6732.4
2018-08-26 00:00:00,2317.875973810001,8906,5258,0.0617984643822492,0.805136809055499,0.1328542476104109,0.11706357386434932,830,2153,2275,6692.12
2018-08-26 12:00:00,1157.8442757899988,11368,6877,0.05427237749906228,0.8251571303897927,0.12050857411417915,0.1358655117403996,1167,2720,2990,6700.46
2018-08-27 00:00:00,2022.7092906799987,10785,6478,0.10432994643601004,0.8090359738689674,0.08659153445256486,0.013743646195122642,1143,2460,2875,6707.0
2018-08-27 12:00:00,3840.9789576800044,14947,9195,0.07160578400909318,0.8317592909321261,0.0962011143339427,0.05719744757605302,1725,3669,3801,6904.51
2018-08-28 00:00:00,4277.378733419999,12088,7239,0.07210637983753433,0.7845360801235788,0.14332105255441555,0.105704437863369,1026,3022,3191,7029.53
2018-08-28 12:00:00,3944.86891893,15400,9650,0.052587849508543116,0.8368565485815673,0.1105973856526094,0.11199810813295916,1544,3791,4315,7080.94
2018-08-29 00:00:00,2171.0471839500024,11235,6676,0.044553136238794575,0.8413759722827763,0.11403875782577153,0.141789846858753,1006,2654,3016,7082.16
2018-08-29 12:00:00,3557.883826820002,14020,8794,0.04980591348849312,0.8512118499599047,0.09898478482536624,0.09068914303280554,1134,3719,3941,7032.96
2018-08-30 00:00:00,3220.7805111200014,11588,7153,0.0676177070446133,0.8138777424035999,0.1184861964966196,0.10327910481900383,1148,2828,3177,6867.12
2018-08-30 12:00:00,3654.481461050001,14405,8806,0.09048452322604407,0.8215840135910186,0.08796674470275301,0.030723132048553183,1597,3531,3678,6984.01
2018-08-31 00:00:00,2078.2836495399993,11348,6941,0.15275444551582568,0.7595725865689847,0.08767275249469918,0.023883522517740882,1058,3058,2825,6963.0
2018-08-31 12:00:00,3712.09685684,14087,8752,0.11143816931613086,0.7765645755034342,0.11201010610999428,0.022978791946016888,1211,3902,3639,7017.35
2018-09-01 00:00:00,1212.6430988600007,9751,5656,0.04862415828277819,0.8423453235411698,0.10909172899354264,0.10999827905254746,749,2349,2558,7058.97
2018-09-01 12:00:00,3377.814142259999,11839,7202,0.07560364746250997,0.7940294721249114,0.1302792116921884,0.10772862965133176,1081,2895,3226,7185.01
2018-09-02 00:00:00,1844.880021340001,9328,5249,0.08464215371696918,0.79741148681565,0.11795125069542176,0.07498062201049509,837,2092,2320,7234.98
2018-09-02 12:00:00,1452.806563849998,11538,7050,0.06551605478762228,0.7977741622148298,0.13670012734639014,0.12262249969533305,1273,2539,3238,7290.31
2018-09-03 00:00:00,1525.5564689299995,10724,6397,0.03833026816253,0.8245955802166399,0.13708126209092591,0.20157130191605352,880,2579,2938,7230.0
2018-09-03 12:00:00,1304.3206039900012,13627,8216,0.08385865826030423,0.7837960622148463,0.1323350628302492,0.11712889661654904,1368,3296,3552,7258.99
2018-09-04 00:00:00,1963.1715540600005,11297,6810,0.0848001121894818,0.80301292644729,0.11217871773895882,0.09551332907479798,1085,2728,2997,7336.49
2018-09-04 12:00:00,2567.9762497300007,14645,8986,0.09720913100826238,0.7625775617660471,0.1403368086217136,0.1192926578799167,1496,3488,4002,7361.0
2018-09-05 00:00:00,5553.485493559998,11693,7208,0.05688623900274827,0.8314281349237639,0.11168597086885387,0.10587043919133478,1349,2650,3209,6990.79
2018-09-05 12:00:00,6855.311491950001,15911,10014,0.06042592434280219,0.8616124667870834,0.07796091582624437,0.02583135084055349,1979,3971,4064,6679.3
2018-09-06 00:00:00,9318.72106627,13261,8096,0.08700628823021846,0.8092345206977193,0.10375355342094857,0.03167267483964578,1619,3038,3439,6399.7
2018-09-06 12:00:00,5355.302605330002,15252,9718,0.09465987132763694,0.8066022876517819,0.0987283045451062,0.011224164914792554,1846,3673,4199,6493.09
2018-09-07 00:00:00,3460.2397493400035,11448,6852,0.08990667685230695,0.8283974604407056,0.08169686068723153,-0.017510440537641364,1318,2627,2907,6369.88
2018-09-07 12:00:00,3081.7277215400068,13340,8224,0.1256391136633092,0.7814907042820197,0.09286362738498778,0.013034234406317955,1538,2983,3703,6400.0
2018-09-08 00:00:00,631.3639538299991,9283,5325,0.07070620315470155,0.8075342165581814,0.12175111409550488,0.10860639759657637,681,2244,2400,6432.99
2018-09-08 12:00:00,3652.83088921,10233,6210,0.06479972376965866,0.8282638474878249,0.10693789877044986,0.09235773931954636,965,2395,2850,6178.31
2018-09-09 00:00:00,2546.3363656700008,8395,4904,0.11084176475822198,0.7792310387737637,0.10991149736096584,-0.0003667545119932067,704,1947,2253,6369.17
2018-09-09 12:00:00,1557.9774298800005,10118,6121,0.05548050075774887,0.8585367276877736,0.0859762690123995,0.07310454212154045,1120,2271,2730,6236.04
2018-09-10 00:00:00,2741.524198300001,11228,6720,0.11628769933310056,0.7872994564316809,0.09644484716288128,-0.02289981954630835,1078,2569,3073,6307.82
2018-09-10 12:00:00,2630.201108419997,13752,8556,0.06901838466675687,0.7962034831202242,0.13477005056354074,0.12273931279259515,1451,3087,4018,6301.99
2018-09-11 00:00:00,3773.6058233799986,10814,6650,0.09372917427135068,0.7209748963680181,0.1854221921230407,0.10485524998137817,1045,2408,3197,6265.3
2018-09-11 12:00:00,3303.1914362999987,12845,8286,0.11898948613345812,0.7893767074119323,0.0915959856766486,0.003672737910632171,1527,2820,3939,6279.99
2018-09-12 00:00:00,1989.89553698,11220,6908,0.06309045790119694,0.8585014940524371,0.07840710001382788,0.03579948850544233,1322,2433,3153,6234.46
2018-09-12 12:00:00,2277.285678700005,13693,8807,0.0786194910950943,0.7969051673510982,0.1244673345391586,0.1023677427653226,1559,3221,4027,6322.45
2018-09-13 00:00:00,2222.52606424,10795,6859,0.09239414069375952,0.7550175519562559,0.15257587215089224,0.10051971355955044,945,2648,3266,6463.71
2018-09-13 12:00:00,4646.456878809996,15323,9639,0.09424946425058132,0.8232211585663091,0.08252735862900991,-0.014735239415700272,1491,4039,4109,6485.7
2018-09-14 00:00:00,2344.745728670001,10338,6454,0.11076548197848056,0.7769572414533701,0.11227230227813187,0.02323769990732521,939,2513,3002,6461.11
2018-09-14 12:00:00,2253.27525455,12494,7902,0.0519819937189427,0.8414873773512868,0.10650149157528947,0.1202056214170844,1148,3141,3613,6476.51
2018-09-15 00:00:00,593.3675558600007,8903,5413,0.0834977187290635,0.8230051439957871,0.09250313907807173,0.03407199580606765,698,2170,2545,6524.99
2018-09-15 12:00:00,735.4520070300005,10152,6208,0.07549841694578496,0.7914002425908012,0.13310004901410113,0.1121672177377962,975,2392,2841,6520.15
2018-09-16 00:00:00,690.3476165299999,8221,4834,0.08874366234236612,0.7934310768762739,0.1178093353911344,0.06534617569392179,823,1847,2164,6494.81
2018-09-16 12:00:00,408.28044377999987,10636,6341,0.07240913878664085,0.7599265216616312,0.16765287655822422,0.1316399768840954,909,2463,2969,6499.98
2018-09-17 00:00:00,810.9082175900003,9680,5897,0.13337435522725766,0.7449229243634508,0.12172220158529674,0.02289809840220244,735,2354,2808,6473.49
2018-09-17 12:00:00,3570.7216886500014,13187,8409,0.06942588683705225,0.7845890111629943,0.14597129343575807,0.12594516185679,1402,3121,3886,6254.52
2018-09-18 00:00:00,1246.4882927599995,10066,6115,0.06151798340928118,0.8049024413899992,0.13357266830341905,0.13769150877584554,1035,2418,2662,6287.91
2018-09-18 12:00:00,2949.984855320005,12899,8140,0.05560367121418932,0.7748940937024383,0.15100669366668013,0.18672641720691646,1581,3110,3449,6332.34
2018-09-19 00:00:00,1822.2582672900005,11406,7102,0.06436260129060582,0.8326257609802918,0.10301178476001407,0.08334212621271561,1188,3062,2852,6285.15
2018-09-19 12:00:00,5409.825112770007,14326,9179,0.08011529049243406,0.7729545735743565,0.14689022471106913,0.09924063090871478,1729,3524,3926,6388.4
2018-09-20 00:00:00,1988.4076068400007,11123,6957,0.07516714963973134,0.7390241405250743,0.1857835062805166,0.23399683808055605,1471,2645,2841,6426.57
2018-09-20 12:00:00,3189.237497029999,14729,9285,0.06921886830001657,0.8124697912341831,0.11831176505130415,0.11519576630575905,1559,3734,3992,6492.98
2018-09-21 00:00:00,4687.815858720006,11939,7445,0.03638751669000622,0.8523548089836707,0.11125301999036047,0.1430095968022833,1068,3457,2920,6740.21
2018-09-21 12:00:00,3882.170014489997,14949,9389,0.07567174880779723,0.8139196206629608,0.11043935016181937,0.0369215029383058,1710,3768,3911,6749.45
2018-09-22 00:00:00,2502.979325580003,9454,5657,0.08779742749080496,0.8135430683592172,0.098654603813647,0.02486315067096362,956,2248,2453,6657.97
2018-09-22 12:00:00,2988.8301882700043,10826,6309,0.09329476084896926,0.8256536350947735,0.08104702346964192,-0.0265417050720288,929,2569,2811,6710.01
2018-09-23 00:00:00,1644.6526326999995,9181,5218,0.0897385207363299,0.80088815336142,0.10936895963971274,0.07817943762069067,744,2028,2446,6740.0
2018-09-23 12:00:00,1604.1522866100015,10871,6561,0.0838608119185906,0.7582202968411206,0.15795047629628392,0.1380878987142827,998,2330,3233,6702.22
2018-09-24 00:00:00,2224.2672631299993,10881,6414,0.05094863177435188,0.8073685625723832,0.1416566377216928,0.19446616269444528,1028,2543,2843,6575.35
2018-09-24 12:00:00,1806.4555245699994,13026,8230,0.03970202034656072,0.8614193019381244,0.09887979588017833,0.12362487789566542,1044,3415,3771,6581.52
2018-09-25 00:00:00,4296.809211770004,11458,7069,0.0762267025786841,0.7840236670179396,0.13975629652955787,0.1806002374228826,1113,2516,3440,6389.62
2018-09-25 12:00:00,3909.8077929999986,14369,8811,0.04745831387351168,0.8338293535233847,0.1187037988955801,0.13435866997529528,1393,3304,4114,6428.99
2018-09-26 00:00:00,2101.638750750002,10735,6449,0.0787770494359722,0.7940898149155327,0.1271159655194019,0.1080576957405922,979,2599,2871,6517.61
2018-09-26 12:00:00,2194.2879905900027,13952,8818,0.029329900763591432,0.7762198721524081,0.1944186407980355,0.19952182671527804,1300,3625,3893,6461.51
2018-09-27 00:00:00,2070.8945017899987,10421,6309,0.035773154457824564,0.8091573012561815,0.15504040785412096,0.19823542613024947,845,2658,2806,6481.01
2018-09-27 12:00:00,3593.9576107200032,13411,8328,0.04952392636922556,0.8224323967674412,0.1280323878452155,0.1374895582242743,1359,3374,3595,6681.62
2018-09-28 00:00:00,4432.367605590001,10516,6512,0.04124962012333589,0.8159103917828295,0.14284272516212662,0.15993528037603175,928,2718,2866,6644.49
2018-09-28 12:00:00,3209.681758690002,12450,7561,0.04600141284125733,0.8318467741281634,0.12211558464264728,0.14210064919170312,1026,3149,3386,6610.76
2018-09-29 00:00:00,1936.8818170700008,8454,4850,0.048669306077669436,0.8301509279239349,0.12117360080741865,0.12810225728222235,694,1851,2305,6570.0
2018-09-29 12:00:00,1445.1341050499993,10749,5881,0.03419333334396927,0.8577329618829128,0.10803219451059587,0.12984163605233842,749,2353,2779,6579.38
2018-09-30 00:00:00,1122.4181003700003,7991,6512,0.0719726579371111,0.8142403172421572,0.11378682011780028,0.08351381052697571,997,2588,2927,6594.16
2018-09-30 12:00:00,1360.2769747599996,9487,7800,0.06287642874253674,0.7824267478557618,0.1545497864634045,0.16477174135762296,1224,3146,3430,6597.81
2018-10-01 00:00:00,2893.6828167600024,9102,7661,0.07520696612655768,0.8281862473309201,0.0966226962065356,0.0382324829850717,1294,3114,3253,6556.0
2018-10-01 12:00:00,1902.3573152400013,12656,10770,0.057775175391923186,0.8254208777573115,0.11674975757816013,0.13796245411898672,1860,4275,4635,6571.2
2018-10-02 00:00:00,1273.9106490499996,10247,6004,0.06014485397567455,0.8026244532588914,0.13723375325555787,0.1206813914318252,986,2276,2742,6539.99
2018-10-02 12:00:00,2842.2227751399982,12355,7508,0.13574627443381682,0.7639686194340691,0.0999519276101069,-0.025076534605295842,1486,2938,3084,6500.0
2018-10-03 00:00:00,2667.638823989997,10093,6145,0.09587229430848927,0.7774022763941006,0.1267431201945192,0.1004660518175094,1109,2316,2720,6451.75
2018-10-03 12:00:00,2107.1244577499992,12941,8010,0.05999809659045376,0.8464691176324708,0.0935330814126052,0.08219827849677677,1146,3202,3662,6456.77
2018-10-04 00:00:00,2279.905595109999,10613,6350,0.0886093083985407,0.7811234689430695,0.13024642127307962,0.09399148346549076,896,2604,2850,6523.82
2018-10-04 12:00:00,1552.794894050001,13418,8394,0.09297437193989816,0.8137698617125664,0.09324719619911412,0.012674461239023386,1316,3412,3666,6547.56
2018-10-05 00:00:00,1550.5844649599985,10791,6310,0.07599149166151174,0.7958635262516719,0.12811442211164012,0.1092376312069324,1106,2555,2649,6539.26
2018-10-05 12:00:00,2256.68481685,14032,8502,0.07037632910602508,0.8399664084337602,0.08964806890904314,0.047401511309831945,1551,3369,3582,6582.12
2018-10-06 00:00:00,996.0556505199993,9677,5773,0.08193009989453119,0.7724565314586296,0.14556825515674424,0.07990287851008945,1048,2298,2427,6544.92
2018-10-06 12:00:00,1026.7251085600003,10173,6174,0.0681512531280763,0.8070902024969179,0.12468184721509193,0.12425941503985395,1018,2334,2822,6544.08
2018-10-07 00:00:00,1026.6101236999998,7950,4544,0.06530827481057018,0.7880963811807515,0.14658536737863306,0.1551338265435858,732,1770,2042,6520.12
2018-10-07 12:00:00,1429.0464671699995,10041,6281,0.07575642812779766,0.7968449725028611,0.12735338976411245,0.13302385006675238,1115,2409,2757,6577.63
2018-10-08 00:00:00,2075.2012351000008,9448,5811,0.07727780826460752,0.8189143186986284,0.10373863897917128,0.05665580349073756,925,2375,2511,6591.63
2018-10-08 12:00:00,2003.8430142299985,13811,8884,0.060642582207633564,0.8009465702069585,0.13825371788748864,0.1869207650669165,1631,3382,3871,6604.75
2018-10-09 00:00:00,966.3500002300003,11246,6634,0.07546203893055425,0.8208003802840261,0.1037346135184472,0.06930375329896514,874,2453,3307,6584.88
2018-10-09 12:00:00,1288.6002693599964,13714,8505,0.0716377114809624,0.8124035512491674,0.1159579598551754,0.08361996711635036,1255,3377,3873,6588.8
2018-10-10 00:00:00,4017.25638188,90745,8960,0.06041349573744272,0.7975233647055276,0.14206704002726184,0.17263773054442993,1209,3687,4064,6497.76
2018-10-10 12:00:00,1159.81037768,13755,11936,0.08138963884999037,0.756377739034527,0.1622290722216905,0.13605237260630335,1944,4502,5490,6517.55
2018-10-11 00:00:00,6517.05804184,277663,12598,0.08943549174255003,0.7839086675029414,0.12664792763965968,0.0574175753659057,2417,4751,5430,6182.26
2018-10-11 12:00:00,3099.1815416699988,14352,12354,0.10896543458025132,0.7840072577907785,0.10700694771551936,0.003118510257675514,2726,4425,5203,6152.76
2018-10-12 00:00:00,2062.1587308399994,10878,6484,0.0880070973073117,0.7850665678397266,0.12687606779803082,0.07450018021909861,1350,2340,2794,6208.8
2018-10-12 12:00:00,1184.2228263599989,12461,7512,0.10908623568411802,0.7833583042899774,0.1075653395165454,0.0458080943825444,1448,2883,3181,6185.15
2018-10-13 00:00:00,1148.8877114200004,8575,4754,0.07607026697779899,0.7949899460623573,0.12896016637940674,0.08919876153711535,915,1785,2054,6200.0
2018-10-13 12:00:00,805.1590945099996,10327,6240,0.09887335724888953,0.7628060567767055,0.13831332254066553,0.08704731019482262,1128,2204,2908,6199.69
2018-10-14 00:00:00,1560.2280852799972,8252,4619,0.08611536550932451,0.771352493871893,0.14257163033031878,0.1125240067470401,863,1645,2111,6226.1
2018-10-14 12:00:00,965.51011557,11043,6529,0.0671863056293897,0.7889906501945223,0.14381742608950748,0.1658619547868508,1280,2154,3095,6183.0
2018-10-15 00:00:00,12624.474464939978,12494,7523,0.06498614824349022,0.8072667560770276,0.12773716016443112,0.10859841314672916,1429,3090,3004,6412.76
2018-10-15 12:00:00,4271.414838940002,14676,8815,0.07666009212180101,0.7932560417302099,0.12848367409861294,0.12061149064096235,1533,3504,3778,6441.74
2018-10-16 00:00:00,2548.692015010003,12354,7103,0.08900218462320271,0.8116483128416669,0.0993180687180744,0.05392424972890733,981,3063,3059,6451.54
2018-10-16 12:00:00,2154.40189128,13219,8139,0.06383767377870506,0.8106636484657845,0.12547217706111874,0.13302190763531085,1308,3366,3465,6461.2
2018-10-17 00:00:00,1881.4844325099987,11424,6482,0.12154866529878305,0.7518291842898551,0.12643369082782172,0.03453761421288618,941,2682,2859,6440.0
2018-10-17 12:00:00,1079.7789419499993,12719,7874,0.07155388783170005,0.8220692127106979,0.10635724706895217,0.08916700709377098,1159,3329,3386,6437.29
2018-10-18 00:00:00,1574.88565501,10773,6105,0.054323279428934654,0.8178184435949645,0.12785943747361125,0.16337437515827247,963,2553,2589,6433.37
2018-10-18 12:00:00,2248.28363002,13093,8041,0.07803537628799956,0.8258725410964174,0.09607825036587277,0.008168112181010864,1286,3546,3209,6396.18
2018-10-19 00:00:00,1166.9696108999995,10011,5916,0.07047941065767231,0.7970888021515736,0.13245553895356968,0.10812713727036734,1038,2463,2415,6388.21
2018-10-19 12:00:00,1123.0894007999989,11565,6981,0.059852438320873565,0.8107799673904822,0.12935792191733933,0.1255546825150028,1219,2746,3016,6383.46
2018-10-20 00:00:00,862.9150038899992,8461,4911,0.03874074326245668,0.8270894370633719,0.13405759972693498,0.15692005345556626,654,1983,2274,6411.52
2018-10-20 12:00:00,399.0634916,9691,5778,0.050955435488119344,0.8161834561348258,0.13267920025473973,0.1586002206316896,768,2301,2709,6412.86
2018-10-21 00:00:00,643.4540809499996,8069,4581,0.05270707861983048,0.818749140288174,0.12831940627014016,0.15278077371830687,738,1872,1971,6431.53
2018-10-21 12:00:00,897.5574365400003,9767,5738,0.03703875949319119,0.8353238213377937,0.12764827037714555,0.18545921646489516,862,2316,2560,6413.38
2018-10-22 00:00:00,1237.8086798000004,9211,7684,0.026132966738699262,0.891158349058975,0.08270772482295402,0.10755587405961077,985,3290,3409,6399.55
2018-10-22 12:00:00,1169.7267819999988,80434,10488,0.07252150295016754,0.8035200937075937,0.12382389242082292,0.10346569345309148,1675,4323,4490,6406.06
2018-10-23 00:00:00,1366.7059617099992,11619,7043,0.029862085962993383,0.8943653419827524,0.07577304852588224,0.08662474651442405,1026,2991,3026,6376.33
2018-10-23 12:00:00,1484.2996048700006,14396,8986,0.07321276162138073,0.819631063753541,0.1071666030476314,0.09953762171278133,1339,3499,4148,6393.41
2018-10-24 00:00:00,2125.77205997,11080,6641,0.051201313887067015,0.8435300720459802,0.10526972795212776,0.09424106762733267,898,2787,2956,6425.72
2018-10-24 12:00:00,1409.5660282799995,12813,8139,0.0825138618833872,0.8147542215617581,0.1027319587874426,0.07644516091573736,1080,3401,3658,6411.96
2018-10-25 00:00:00,1962.62086832,10593,6277,0.05435902236455925,0.8361390701694388,0.1094735958779582,0.11988529458659755,1005,2591,2681,6391.18
2018-10-25 12:00:00,1083.9829376699997,12159,7682,0.047424846105625064,0.8168589366825506,0.13572653557370898,0.17131539818324446,1121,3044,3517,6393.53
2018-10-26 00:00:00,1688.68448301,9681,5804,0.03596328304699198,0.8310441361626566,0.1329851306421264,0.15636258335522826,781,2434,2589,6417.72
2018-10-26 12:00:00,1635.1418348100005,13146,8151,0.04549323240455398,0.8400101030993907,0.11449674313560206,0.12589918970109115,1173,3465,3513,6406.1
2018-10-27 00:00:00,392.3419789399993,8412,4914,0.049555278344267234,0.8172689794399484,0.1331785104267092,0.14455690887171752,724,1940,2250,6403.91
2018-10-27 12:00:00,497.7851779599998,9665,5778,0.07362029452355735,0.7748213007530734,0.15148156330735152,0.1399753937682269,751,2092,2935,6407.66
2018-10-28 00:00:00,302.0380509199997,7745,6456,0.06498885013034132,0.8376530915637842,0.09736214784541676,0.07510528149313407,1029,2489,2938,6398.7
2018-10-28 12:00:00,537.2596138099997,9207,7824,0.05864590950438299,0.8195738762593162,0.12176183357461078,0.12397503004217925,1144,3061,3619,6405.57
2018-10-29 00:00:00,2232.078930680002,9536,5624,0.056915760163813466,0.8200334526306271,0.12281327042813685,0.15473858657619258,903,2183,2538,6333.05
2018-10-29 12:00:00,2958.7430843099987,14186,8852,0.11501355332998675,0.7604201003002704,0.12437420809509445,0.01258080723538497,1752,3387,3713,6266.52
2018-10-30 00:00:00,1180.0078460399989,10873,6570,0.10611137592912967,0.7732573635945587,0.12061757229458026,0.0219765926837247,1482,2381,2707,6260.82
2018-10-30 12:00:00,1343.5695833199984,13499,8394,0.09396761126878203,0.8050906186400038,0.10092127844052033,0.03770439960851528,1638,2851,3905,6269.46
2018-10-31 00:00:00,1358.5739978600004,12499,7573,0.0645039115902684,0.7994307137842436,0.13606640594325484,0.17071742203062876,1052,2649,3872,6268.0
2018-10-31 12:00:00,3789.508625659997,20098,12858,0.09205494767425344,0.7929167417394205,0.1148413373461655,0.06819270097028138,1983,4882,5993,6303.27
2018-11-01 00:00:00,840.8911269200006,11875,7194,0.11265915512280608,0.7941182868076232,0.09322697451754784,0.01270952390939701,1125,2640,3429,6309.54
2018-11-01 12:00:00,1350.0793499400004,14219,8635,0.0949987126269714,0.7984875042601426,0.10651806563925743,0.036730800368932455,1269,3474,3892,6340.99
2018-11-02 00:00:00,1529.799620600001,10812,6355,0.0820757987044905,0.7967522276148489,0.12118398170592315,0.07775599866676731,1134,2348,2873,6350.59
2018-11-02 12:00:00,1148.2698603699996,13245,8089,0.12881097534645095,0.6898515848853283,0.18133902136028895,0.10812290825828824,1665,2947,3477,6350.43
2018-11-03 00:00:00,588.9523439099996,8275,4504,0.11828365303860924,0.7896951496650136,0.09202378564567527,-0.0350880921362652,797,1729,1978,6325.12
2018-11-03 12:00:00,495.18627561999983,10002,5757,0.11065080929398674,0.8002082535080106,0.08911826903708489,-0.025066966298435068,926,2055,2776,6335.0
